<?xml version="1.0" encoding="UTF-8"?>
<project-private xmlns="http://www.netbeans.org/ns/project-private/1">
    <editor-bookmarks xmlns="http://www.netbeans.org/ns/editor-bookmarks/2" lastBookmarkId="0"/>
    <open-files xmlns="http://www.netbeans.org/ns/projectui-open-files/2">
        <group>
            <file>file:/E:/Documentos/NetBeansProjects/teistris/src/teistris/SquarePiece.java</file>
            <file>file:/E:/Documentos/NetBeansProjects/teistris/src/teistris/Piece.java</file>
            <file>file:/E:/Documentos/NetBeansProjects/teistris/src/teistris/BarPiece.java</file>
            <file>file:/E:/Documentos/NetBeansProjects/teistris/src/teistris/TPiece.java</file>
            <file>file:/E:/Documentos/NetBeansProjects/teistris/src/teistris/LPiece.java</file>
            <file>file:/E:/Documentos/NetBeansProjects/teistris/src/teistris/Square.java</file>
            <file>file:/E:/Documentos/NetBeansProjects/teistris/src/teistris/Game.java</file>
            <file>file:/E:/Documentos/NetBeansProjects/teistris/src/teistris/MainWindow.java</file>
        </group>
    </open-files>
</project-private>
