<?xml version="1.0" encoding="UTF-8"?>
<project-private xmlns="http://www.netbeans.org/ns/project-private/1">
    <editor-bookmarks xmlns="http://www.netbeans.org/ns/editor-bookmarks/2" lastBookmarkId="0"/>
    <open-files xmlns="http://www.netbeans.org/ns/projectui-open-files/2">
        <group>
            <file>file:/C:/Users/pedri/Documents/NetBeansProjects/Aforcado2/src/ui/WordGenerator.java</file>
            <file>file:/C:/Users/pedri/Documents/NetBeansProjects/Aforcado2/src/ui/GUIKeyboardWordGenerator.java</file>
            <file>file:/C:/Users/pedri/Documents/NetBeansProjects/Aforcado2/src/ui/ArrayWordGenerator.java</file>
            <file>file:/C:/Users/pedri/Documents/NetBeansProjects/Aforcado2/src/ui/GenerateWordException.java</file>
            <file>file:/C:/Users/pedri/Documents/NetBeansProjects/Aforcado2/src/ui/KeyboardWordGenerator.java</file>
            <file>file:/C:/Users/pedri/Documents/NetBeansProjects/Aforcado2/src/ui/GUI.java</file>
            <file>file:/C:/Users/pedri/Documents/NetBeansProjects/Aforcado2/src/ui/MenuGenerator.java</file>
        </group>
    </open-files>
</project-private>
